product_id,product_name,category,price,cost
PROD0001,Sharable bifurcated algorithm,Electronics,22.26,10.74
PROD0002,User-centric even-keeled encryption,Clothing,78.37,33.76
PROD0003,Face-to-face client-driven support,Books,52.6,27.7
PROD0004,Customer-focused systematic support,Electronics,55.91,26.27
PROD0005,Quality-focused background parallelism,Books,23.0,10.57
PROD0006,Optimized 5thgeneration algorithm,Books,215.56,115.27
PROD0007,Cross-group didactic emulation,Home & Garden,406.62,163.44
PROD0008,Profit-focused real-time algorithm,Clothing,352.09,176.78
PROD0009,Realigned dedicated structure,Clothing,115.5,72.66
PROD0010,Streamlined tangible moratorium,Electronics,55.45,23.79
PROD0011,Operative directional knowledge user,Home & Garden,305.83,196.39
PROD0012,Reverse-engineered even-keeled workforce,Sports,272.75,188.73
PROD0013,Adaptive well-modulated workforce,Sports,48.61,23.72
PROD0014,Diverse tangible interface,Books,443.87,225.7
PROD0015,Mandatory even-keeled collaboration,Clothing,355.24,146.98
PROD0016,Extended well-modulated Graphical User Interface,Clothing,388.8,270.44
PROD0017,Customer-focused background implementation,Clothing,434.58,223.39
PROD0018,Cross-platform heuristic hardware,Sports,321.49,163.78
PROD0019,Robust empowering workforce,Home & Garden,184.08,110.64
PROD0020,Balanced upward-trending knowledgebase,Electronics,308.47,139.23
PROD0021,Public-key bottom-line implementation,Clothing,90.07,46.28
PROD0022,Configurable neutral frame,Books,117.61,58.49
PROD0023,Self-enabling regional hierarchy,Electronics,122.23,50.07
PROD0024,Re-engineered content-based strategy,Home & Garden,206.57,86.73
PROD0025,Cloned 6thgeneration protocol,Books,439.42,217.25
PROD0026,Focused zero administration frame,Sports,203.86,137.48
PROD0027,Configurable discrete attitude,Sports,80.01,35.36
PROD0028,Multi-tiered even-keeled knowledgebase,Books,274.1,171.07
PROD0029,Sharable high-level complexity,Sports,449.93,233.88
PROD0030,Multi-layered heuristic database,Clothing,498.69,220.17
PROD0031,Synchronized encompassing standardization,Sports,54.55,22.59
PROD0032,Synergized secondary archive,Electronics,84.89,38.03
PROD0033,Robust scalable concept,Sports,302.24,155.78
PROD0034,Public-key upward-trending encryption,Books,498.1,278.31
PROD0035,Diverse maximized implementation,Books,431.78,174.2
PROD0036,Future-proofed scalable solution,Electronics,344.04,193.04
PROD0037,Realigned directional software,Home & Garden,386.61,194.1
PROD0038,Inverse zero administration time-frame,Home & Garden,223.03,119.57
PROD0039,Centralized discrete alliance,Home & Garden,486.23,305.64
PROD0040,Intuitive impactful flexibility,Books,457.19,302.27
PROD0041,Cloned didactic open system,Home & Garden,422.42,233.3
PROD0042,Universal foreground data-warehouse,Clothing,84.89,53.37
PROD0043,Streamlined modular infrastructure,Books,477.21,322.94
PROD0044,Stand-alone logistical circuit,Electronics,303.48,165.88
PROD0045,Fundamental client-driven encryption,Electronics,465.26,308.75
PROD0046,User-friendly next generation monitoring,Home & Garden,127.33,60.13
PROD0047,Fundamental value-added paradigm,Books,474.01,201.78
PROD0048,Optimized optimal initiative,Sports,409.85,284.19
PROD0049,Multi-lateral directional challenge,Books,385.26,168.94
PROD0050,Profound modular array,Sports,473.96,213.06
PROD0051,Versatile actuating budgetary management,Books,437.49,230.53
PROD0052,Distributed responsive complexity,Clothing,465.17,291.47
PROD0053,Synergized interactive policy,Clothing,359.34,186.75
PROD0054,Cloned human-resource implementation,Home & Garden,224.67,124.75
PROD0055,Right-sized maximized moderator,Electronics,131.47,55.11
PROD0056,Function-based neutral access,Electronics,298.27,139.9
PROD0057,Synergized uniform budgetary management,Clothing,13.52,8.28
PROD0058,Synergized national system engine,Electronics,122.18,82.06
PROD0059,Future-proofed zero administration project,Home & Garden,44.72,21.08
PROD0060,Mandatory bifurcated frame,Sports,114.98,50.56
PROD0061,Optional cohesive knowledgebase,Books,292.34,138.25
PROD0062,Adaptive uniform success,Sports,405.67,185.44
PROD0063,Fundamental motivating task-force,Electronics,332.9,168.54
PROD0064,Enhanced motivating benchmark,Sports,238.84,147.78
PROD0065,Self-enabling exuding productivity,Electronics,39.7,24.55
PROD0066,Profit-focused real-time customer loyalty,Electronics,131.84,60.26
PROD0067,Distributed holistic task-force,Sports,78.69,35.81
PROD0068,Diverse needs-based time-frame,Sports,132.41,89.64
PROD0069,Progressive 24hour policy,Sports,405.93,266.61
PROD0070,Inverse mobile adapter,Electronics,34.79,24.35
PROD0071,Customizable high-level workforce,Electronics,484.81,328.66
PROD0072,Integrated disintermediate approach,Clothing,91.49,49.93
PROD0073,Front-line non-volatile artificial intelligence,Clothing,433.68,290.88
PROD0074,Configurable upward-trending matrix,Clothing,195.7,136.13
PROD0075,Cloned well-modulated monitoring,Home & Garden,463.99,294.88
PROD0076,Visionary clear-thinking capacity,Home & Garden,217.27,149.31
PROD0077,Switchable methodical neural-net,Books,334.32,182.54
PROD0078,Down-sized empowering moderator,Clothing,155.39,107.31
PROD0079,Robust interactive data-warehouse,Books,370.51,154.98
PROD0080,Quality-focused web-enabled superstructure,Home & Garden,38.01,21.87
PROD0081,Team-oriented dedicated structure,Books,460.5,257.58
PROD0082,Integrated impactful secured line,Electronics,480.78,203.87
PROD0083,Streamlined holistic intranet,Clothing,43.58,18.32
PROD0084,Programmable local capability,Clothing,207.85,141.85
PROD0085,Fully-configurable directional architecture,Books,130.65,75.56
PROD0086,Mandatory 3rdgeneration parallelism,Books,50.17,29.96
PROD0087,Reactive discrete parallelism,Books,266.16,181.1
PROD0088,Face-to-face 24hour archive,Clothing,338.17,167.14
PROD0089,Triple-buffered responsive approach,Home & Garden,203.94,122.67
PROD0090,Focused asymmetric alliance,Home & Garden,234.04,158.84
PROD0091,Managed asynchronous migration,Electronics,14.56,8.54
PROD0092,Front-line even-keeled secured line,Books,498.09,210.18
PROD0093,Pre-emptive didactic moratorium,Clothing,257.88,113.4
PROD0094,De-engineered uniform orchestration,Home & Garden,441.62,293.14
PROD0095,Re-engineered methodical encryption,Home & Garden,149.64,79.53
PROD0096,Phased incremental core,Books,354.73,206.99
PROD0097,Cross-platform bandwidth-monitored protocol,Books,13.83,8.92
PROD0098,Optional heuristic interface,Home & Garden,466.56,201.12
PROD0099,Open-source maximized superstructure,Clothing,139.59,93.09
PROD0100,Business-focused systematic projection,Books,86.17,41.75
PROD0101,Stand-alone bandwidth-monitored approach,Clothing,361.63,166.74
PROD0102,Open-architected upward-trending Graphical User Interface,Home & Garden,257.65,122.47
PROD0103,Customer-focused dynamic core,Electronics,55.23,29.11
PROD0104,Ergonomic national knowledge user,Home & Garden,31.6,15.8
PROD0105,Devolved interactive contingency,Clothing,322.19,154.2
PROD0106,Grass-roots maximized encryption,Sports,280.32,148.09
PROD0107,Compatible leadingedge workforce,Electronics,64.82,44.31
PROD0108,Reactive bandwidth-monitored application,Clothing,277.34,180.38
PROD0109,Streamlined needs-based access,Books,280.74,148.49
PROD0110,Cross-group web-enabled encoding,Electronics,161.05,107.85
PROD0111,Down-sized incremental matrix,Electronics,450.47,208.58
PROD0112,Polarized didactic initiative,Clothing,336.8,170.46
PROD0113,Centralized composite implementation,Books,443.23,231.33
PROD0114,Adaptive human-resource firmware,Books,377.24,255.67
PROD0115,Persevering executive interface,Clothing,433.66,300.47
PROD0116,Total upward-trending toolset,Clothing,441.89,180.04
PROD0117,Realigned stable structure,Home & Garden,393.37,205.93
PROD0118,Pre-emptive coherent core,Clothing,140.73,89.53
PROD0119,Implemented didactic approach,Electronics,197.45,81.27
PROD0120,Reduced user-facing moratorium,Sports,118.99,76.75
PROD0121,Centralized value-added functionalities,Sports,181.33,117.17
PROD0122,Centralized actuating paradigm,Clothing,119.23,71.3
PROD0123,Polarized motivating moderator,Sports,170.85,112.64
PROD0124,Diverse analyzing migration,Home & Garden,182.06,100.65
PROD0125,Configurable contextually-based architecture,Books,172.26,70.33
PROD0126,Right-sized asymmetric service-desk,Home & Garden,97.5,67.15
PROD0127,Front-line impactful capability,Home & Garden,28.75,16.65
PROD0128,Re-contextualized dynamic paradigm,Home & Garden,366.99,181.33
PROD0129,Right-sized 6thgeneration process improvement,Books,492.28,213.99
PROD0130,Configurable intangible protocol,Books,103.14,42.63
PROD0131,Reduced non-volatile model,Sports,10.83,7.34
PROD0132,Intuitive empowering database,Books,346.56,236.38
PROD0133,Synchronized transitional functionalities,Clothing,188.47,79.34
PROD0134,Front-line empowering infrastructure,Home & Garden,315.35,188.9
PROD0135,De-engineered static project,Electronics,362.68,177.75
PROD0136,Innovative logistical functionalities,Home & Garden,336.78,167.67
PROD0137,Versatile asynchronous access,Home & Garden,281.66,128.87
PROD0138,Persevering regional open system,Sports,341.89,229.35
PROD0139,Cross-platform asynchronous monitoring,Books,288.86,150.73
PROD0140,Extended motivating firmware,Electronics,158.9,73.58
PROD0141,De-engineered grid-enabled architecture,Books,307.26,152.61
PROD0142,Fully-configurable holistic forecast,Sports,226.66,105.2
PROD0143,Diverse leadingedge moratorium,Sports,398.93,274.44
PROD0144,Triple-buffered exuding pricing structure,Clothing,332.84,161.47
PROD0145,Streamlined multi-tasking access,Books,174.24,112.48
PROD0146,Synchronized neutral framework,Clothing,339.67,158.76
PROD0147,Switchable bi-directional challenge,Clothing,82.2,34.02
PROD0148,Fundamental bifurcated benchmark,Sports,309.52,195.17
PROD0149,User-friendly neutral collaboration,Sports,213.08,125.49
PROD0150,Future-proofed executive portal,Clothing,361.99,186.49
PROD0151,Expanded transitional Graphical User Interface,Sports,129.55,77.32
PROD0152,Expanded systemic productivity,Electronics,447.4,294.45
PROD0153,Fundamental motivating matrix,Electronics,391.43,182.27
PROD0154,Function-based actuating array,Books,237.63,134.79
PROD0155,Sharable interactive focus group,Electronics,233.67,149.65
PROD0156,Balanced 24hour groupware,Books,494.07,285.89
PROD0157,Visionary clear-thinking productivity,Sports,310.2,191.02
PROD0158,Fundamental cohesive support,Books,219.1,147.25
PROD0159,Organic neutral strategy,Sports,449.63,280.16
PROD0160,Optimized next generation access,Sports,230.53,144.2
PROD0161,Customizable asynchronous solution,Home & Garden,385.25,214.35
PROD0162,Distributed needs-based alliance,Clothing,144.55,61.18
PROD0163,Multi-layered optimal neural-net,Home & Garden,124.9,62.54
PROD0164,Digitized intermediate capacity,Books,49.48,22.03
PROD0165,Balanced fault-tolerant hierarchy,Sports,350.04,214.2
PROD0166,Balanced heuristic database,Electronics,213.29,106.49
PROD0167,Synergized dynamic secured line,Sports,213.73,98.75
PROD0168,Customer-focused heuristic time-frame,Sports,200.84,126.72
PROD0169,Realigned incremental process improvement,Electronics,429.8,270.64
PROD0170,User-friendly coherent encoding,Sports,243.72,166.42
PROD0171,Diverse context-sensitive installation,Home & Garden,379.2,248.77
PROD0172,Assimilated context-sensitive support,Sports,273.73,169.82
PROD0173,Managed zero tolerance installation,Books,449.93,245.87
PROD0174,Synchronized user-facing workforce,Home & Garden,223.56,91.37
PROD0175,Fully-configurable encompassing complexity,Home & Garden,337.75,215.97
PROD0176,Total bi-directional implementation,Clothing,421.85,285.11
PROD0177,Automated methodical definition,Books,271.72,182.62
PROD0178,Exclusive logistical hardware,Books,286.55,116.95
PROD0179,Integrated discrete definition,Sports,76.49,41.19
PROD0180,Assimilated stable core,Electronics,137.48,68.49
PROD0181,Open-architected full-range focus group,Sports,170.15,106.92
PROD0182,Cloned zero administration focus group,Sports,146.35,100.3
PROD0183,Monitored secondary migration,Sports,133.61,56.73
PROD0184,Open-architected systematic monitoring,Electronics,377.02,156.7
PROD0185,Managed 4thgeneration budgetary management,Home & Garden,119.87,50.42
PROD0186,Fundamental context-sensitive paradigm,Electronics,379.57,259.96
PROD0187,Fundamental 5thgeneration benchmark,Clothing,421.22,247.0
PROD0188,Right-sized intermediate hardware,Clothing,71.85,43.17
PROD0189,Upgradable zero tolerance functionalities,Books,474.4,255.94
PROD0190,Optional real-time migration,Home & Garden,385.78,173.73
PROD0191,Customizable human-resource orchestration,Books,482.23,296.82
PROD0192,Ergonomic eco-centric analyzer,Clothing,482.71,208.74
PROD0193,Triple-buffered intermediate ability,Electronics,465.15,266.41
PROD0194,Programmable national software,Sports,204.36,125.58
PROD0195,Up-sized user-facing support,Electronics,300.13,194.84
PROD0196,Synchronized dedicated hierarchy,Clothing,59.93,37.86
PROD0197,Optional asymmetric secured line,Books,404.71,258.56
PROD0198,Managed regional functionalities,Books,393.49,198.38
PROD0199,Switchable bottom-line success,Sports,334.15,140.57
PROD0200,Innovative motivating function,Home & Garden,16.2,8.52
PROD0201,Synchronized incremental Graphic Interface,Sports,61.71,42.47
PROD0202,Open-architected tangible frame,Sports,356.58,189.22
PROD0203,Reactive clear-thinking core,Books,483.08,232.37
PROD0204,Operative static implementation,Books,389.57,210.16
PROD0205,Synergistic value-added conglomeration,Books,141.51,92.76
PROD0206,Seamless non-volatile framework,Electronics,146.67,78.5
PROD0207,Open-architected neutral ability,Sports,289.23,173.67
PROD0208,Innovative executive database,Home & Garden,24.06,15.77
PROD0209,Optional zero tolerance paradigm,Clothing,248.9,126.05
PROD0210,Robust solution-oriented Graphic Interface,Home & Garden,176.77,117.39
PROD0211,Persistent leadingedge intranet,Home & Garden,282.34,156.7
PROD0212,Synergistic didactic migration,Clothing,51.95,32.0
PROD0213,Phased user-facing concept,Sports,282.04,133.15
PROD0214,Switchable attitude-oriented forecast,Sports,326.49,178.67
PROD0215,Profound stable productivity,Electronics,55.6,25.94
PROD0216,Secured full-range array,Clothing,160.04,91.94
PROD0217,Versatile disintermediate service-desk,Sports,281.2,141.48
PROD0218,Integrated directional workforce,Books,172.09,105.12
PROD0219,Exclusive client-server algorithm,Home & Garden,160.25,75.18
PROD0220,Balanced dynamic leverage,Clothing,164.62,102.54
PROD0221,Seamless zero administration archive,Clothing,103.86,64.56
PROD0222,Persevering intangible product,Home & Garden,365.05,252.97
PROD0223,Re-engineered content-based structure,Books,302.43,209.93
PROD0224,Total human-resource methodology,Clothing,155.16,78.86
PROD0225,Open-architected dynamic circuit,Home & Garden,16.93,9.48
PROD0226,Streamlined system-worthy ability,Home & Garden,32.3,13.45
PROD0227,Versatile zero administration benchmark,Home & Garden,351.73,154.02
PROD0228,Vision-oriented interactive definition,Sports,60.27,24.33
PROD0229,Enhanced tangible model,Home & Garden,240.0,127.71
PROD0230,Persistent actuating open architecture,Clothing,483.09,229.83
PROD0231,Fully-configurable bottom-line knowledgebase,Sports,65.9,27.65
PROD0232,Devolved maximized secured line,Sports,46.3,27.26
PROD0233,Progressive next generation policy,Electronics,84.35,54.27
PROD0234,Intuitive web-enabled intranet,Home & Garden,51.74,24.55
PROD0235,Seamless uniform middleware,Books,384.58,223.79
PROD0236,Optimized neutral knowledge user,Books,120.59,67.14
PROD0237,Diverse value-added leverage,Sports,455.17,222.67
PROD0238,Organized empowering system engine,Books,495.12,243.41
PROD0239,Fully-configurable scalable focus group,Books,39.51,27.18
PROD0240,Visionary zero-defect model,Electronics,474.32,219.3
PROD0241,Pre-emptive responsive encoding,Clothing,139.68,59.27
PROD0242,Grass-roots leadingedge archive,Clothing,95.17,40.21
PROD0243,Universal executive encoding,Electronics,210.17,127.53
PROD0244,Future-proofed full-range functionalities,Sports,152.72,71.69
PROD0245,Quality-focused attitude-oriented challenge,Home & Garden,354.46,190.06
PROD0246,Distributed discrete info-mediaries,Clothing,462.72,294.45
PROD0247,Team-oriented coherent strategy,Books,333.98,227.14
PROD0248,Extended asymmetric instruction set,Sports,66.24,30.96
PROD0249,Open-source full-range moratorium,Clothing,455.12,294.91
PROD0250,Persistent intangible approach,Electronics,39.22,25.01
PROD0251,Expanded intangible info-mediaries,Books,376.99,215.17
PROD0252,Visionary optimal standardization,Home & Garden,225.19,121.74
PROD0253,Ameliorated well-modulated orchestration,Home & Garden,352.87,240.94
PROD0254,Multi-tiered mission-critical ability,Books,274.59,145.9
PROD0255,Multi-channeled exuding system engine,Books,29.53,15.64
PROD0256,Networked intangible monitoring,Home & Garden,305.82,124.7
PROD0257,User-friendly user-facing moratorium,Clothing,481.34,313.25
PROD0258,Robust directional matrix,Books,297.69,120.93
PROD0259,Face-to-face encompassing Internet solution,Home & Garden,292.36,183.87
PROD0260,Pre-emptive 4thgeneration info-mediaries,Clothing,240.55,143.24
PROD0261,Mandatory static service-desk,Home & Garden,98.93,56.94
PROD0262,Open-architected uniform concept,Sports,484.84,262.3
PROD0263,Persistent clear-thinking process improvement,Sports,173.32,104.17
PROD0264,Public-key 4thgeneration infrastructure,Clothing,171.6,104.35
PROD0265,Reverse-engineered non-volatile protocol,Home & Garden,334.67,174.07
PROD0266,Assimilated attitude-oriented project,Books,27.98,11.93
PROD0267,Optimized client-driven Local Area Network,Home & Garden,168.4,116.37
PROD0268,Enterprise-wide actuating firmware,Sports,433.81,280.88
PROD0269,Multi-tiered fresh-thinking data-warehouse,Electronics,332.25,186.98
PROD0270,Persevering fresh-thinking Graphical User Interface,Sports,36.56,20.31
PROD0271,Virtual homogeneous focus group,Books,380.66,223.68
PROD0272,Versatile intangible extranet,Electronics,109.74,61.98
PROD0273,Configurable methodical adapter,Home & Garden,224.68,136.94
PROD0274,User-friendly needs-based application,Electronics,24.15,14.22
PROD0275,Monitored directional projection,Clothing,357.79,176.47
PROD0276,Cloned zero-defect projection,Electronics,280.6,120.09
PROD0277,Balanced web-enabled algorithm,Electronics,236.11,102.76
PROD0278,Fully-configurable dedicated adapter,Clothing,254.2,156.33
PROD0279,Secured coherent encoding,Books,355.65,186.59
PROD0280,De-engineered methodical secured line,Sports,490.32,231.98
PROD0281,Customizable non-volatile data-warehouse,Books,80.87,36.97
PROD0282,Persistent tangible extranet,Books,259.04,171.95
PROD0283,Visionary holistic concept,Electronics,145.36,92.59
PROD0284,Robust real-time synergy,Sports,176.54,112.34
PROD0285,Universal bifurcated time-frame,Home & Garden,412.07,199.79
PROD0286,Diverse fault-tolerant benchmark,Home & Garden,420.36,241.28
PROD0287,Reduced 4thgeneration function,Sports,433.98,231.73
PROD0288,Re-engineered systematic implementation,Sports,179.11,101.3
PROD0289,Object-based transitional customer loyalty,Books,194.83,132.46
PROD0290,Compatible optimizing solution,Clothing,490.58,231.38
PROD0291,Self-enabling dynamic benchmark,Sports,124.45,78.73
PROD0292,Total zero administration framework,Electronics,165.91,89.91
PROD0293,Synergized radical workforce,Sports,199.18,119.33
PROD0294,Decentralized non-volatile toolset,Clothing,252.71,103.89
PROD0295,Balanced grid-enabled monitoring,Books,483.02,241.32
PROD0296,Optimized stable hub,Electronics,438.35,233.24
PROD0297,Cloned motivating project,Books,456.12,184.55
PROD0298,Mandatory 24/7 instruction set,Clothing,210.89,125.78
PROD0299,Pre-emptive bi-directional Internet solution,Clothing,46.67,29.61
PROD0300,Multi-lateral scalable knowledgebase,Home & Garden,175.9,106.91
PROD0301,Triple-buffered coherent Internet solution,Electronics,427.36,280.22
PROD0302,Enhanced upward-trending model,Books,196.2,97.12
PROD0303,Streamlined encompassing pricing structure,Sports,437.47,179.7
PROD0304,Public-key zero-defect matrices,Electronics,125.04,75.69
PROD0305,Persistent intermediate superstructure,Home & Garden,498.74,311.23
PROD0306,Reverse-engineered encompassing Graphic Interface,Sports,489.39,307.39
PROD0307,Fully-configurable background focus group,Electronics,227.4,138.3
PROD0308,Organized dynamic system engine,Electronics,32.54,20.79
PROD0309,Persistent non-volatile pricing structure,Home & Garden,185.65,98.25
PROD0310,Synchronized homogeneous Graphical User Interface,Clothing,270.27,153.99
PROD0311,Assimilated modular Graphic Interface,Clothing,93.29,39.53
PROD0312,Enterprise-wide mobile data-warehouse,Sports,313.66,148.13
PROD0313,Multi-channeled empowering Graphical User Interface,Books,80.13,43.14
PROD0314,Grass-roots radical standardization,Home & Garden,235.19,141.13
PROD0315,Grass-roots next generation access,Sports,451.59,272.44
PROD0316,Programmable content-based artificial intelligence,Clothing,46.19,31.57
PROD0317,Front-line uniform installation,Books,156.59,107.83
PROD0318,Pre-emptive next generation task-force,Home & Garden,233.85,114.74
PROD0319,Front-line system-worthy leverage,Sports,428.13,184.95
PROD0320,Stand-alone transitional matrix,Sports,290.24,166.15
PROD0321,Organized 3rdgeneration array,Home & Garden,20.75,13.47
PROD0322,Implemented directional initiative,Sports,144.5,82.33
PROD0323,Team-oriented dynamic function,Electronics,456.2,284.46
PROD0324,Switchable optimal hub,Home & Garden,390.11,182.98
PROD0325,Phased neutral moderator,Home & Garden,117.31,53.62
PROD0326,Monitored interactive synergy,Home & Garden,342.1,210.83
PROD0327,Reactive full-range help-desk,Clothing,317.84,213.28
PROD0328,Total logistical flexibility,Electronics,161.38,85.89
PROD0329,Integrated eco-centric emulation,Books,188.78,82.95
PROD0330,Decentralized uniform core,Home & Garden,170.09,89.24
PROD0331,Intuitive bottom-line synergy,Clothing,74.76,42.0
PROD0332,Public-key well-modulated solution,Home & Garden,270.12,182.07
PROD0333,Enterprise-wide content-based data-warehouse,Clothing,135.92,88.0
PROD0334,User-centric mission-critical focus group,Sports,484.02,236.46
PROD0335,Up-sized optimizing task-force,Home & Garden,404.07,218.4
PROD0336,Progressive radical forecast,Electronics,78.97,54.49
PROD0337,Cross-platform content-based frame,Sports,483.96,310.4
PROD0338,Focused high-level conglomeration,Home & Garden,54.25,28.12
PROD0339,Innovative 24/7 strategy,Home & Garden,272.92,146.4
PROD0340,Public-key clear-thinking focus group,Home & Garden,296.43,191.71
PROD0341,Balanced actuating neural-net,Home & Garden,63.09,29.66
PROD0342,Implemented tangible capacity,Electronics,313.58,214.16
PROD0343,Sharable web-enabled matrix,Home & Garden,458.48,213.84
PROD0344,Customer-focused 24/7 orchestration,Electronics,321.35,173.3
PROD0345,Horizontal methodical matrices,Home & Garden,328.13,142.74
PROD0346,Organic global contingency,Electronics,473.67,232.72
PROD0347,Business-focused eco-centric matrices,Sports,66.9,31.47
PROD0348,Customizable asymmetric initiative,Books,76.48,41.0
PROD0349,Pre-emptive asynchronous orchestration,Books,215.37,134.11
PROD0350,Self-enabling systemic application,Clothing,443.85,264.75
PROD0351,Distributed coherent workforce,Sports,311.67,212.47
PROD0352,Re-contextualized exuding artificial intelligence,Home & Garden,26.03,13.31
PROD0353,Fully-configurable bottom-line open architecture,Sports,227.9,107.3
PROD0354,Virtual intangible portal,Home & Garden,58.68,35.54
PROD0355,Right-sized regional definition,Books,451.83,268.14
PROD0356,Vision-oriented multi-state implementation,Electronics,205.09,93.71
PROD0357,Organized leadingedge framework,Electronics,475.02,307.46
PROD0358,Reverse-engineered interactive function,Electronics,334.76,198.35
PROD0359,Re-contextualized regional approach,Books,485.84,201.71
PROD0360,Seamless user-facing attitude,Home & Garden,129.35,56.63
PROD0361,Virtual demand-driven product,Books,110.55,71.74
PROD0362,Extended empowering protocol,Books,111.51,51.83
PROD0363,Configurable cohesive encoding,Clothing,170.99,75.97
PROD0364,Enhanced neutral archive,Books,11.39,7.49
PROD0365,Diverse 24hour installation,Clothing,493.89,277.6
PROD0366,Organized system-worthy policy,Clothing,63.86,42.14
PROD0367,Phased explicit alliance,Clothing,17.28,11.01
PROD0368,Focused executive strategy,Clothing,298.54,120.83
PROD0369,Horizontal tangible knowledgebase,Home & Garden,35.68,22.21
PROD0370,Compatible systemic emulation,Books,65.69,27.53
PROD0371,Fundamental zero tolerance utilization,Sports,391.23,216.73
PROD0372,Self-enabling optimizing protocol,Electronics,231.48,107.98
PROD0373,Exclusive interactive budgetary management,Books,31.25,19.84
PROD0374,Quality-focused directional project,Books,157.8,93.58
PROD0375,Distributed encompassing circuit,Electronics,39.8,21.64
PROD0376,Compatible analyzing concept,Sports,218.87,94.64
PROD0377,Integrated radical synergy,Sports,46.01,19.52
PROD0378,Re-contextualized executive intranet,Books,82.68,36.2
PROD0379,Decentralized maximized solution,Books,320.21,180.76
PROD0380,Innovative tangible initiative,Home & Garden,196.64,113.9
PROD0381,Future-proofed motivating moratorium,Home & Garden,232.32,135.12
PROD0382,Proactive leadingedge artificial intelligence,Electronics,398.62,173.13
PROD0383,Right-sized 6thgeneration Internet solution,Books,363.21,168.71
PROD0384,User-centric fresh-thinking portal,Sports,445.16,233.33
PROD0385,Function-based 4thgeneration array,Sports,205.38,127.11
PROD0386,Focused systematic orchestration,Home & Garden,219.11,131.36
PROD0387,Reverse-engineered 3rdgeneration task-force,Home & Garden,477.26,289.24
PROD0388,Synergistic encompassing orchestration,Sports,42.9,27.86
PROD0389,Balanced well-modulated system engine,Electronics,221.62,138.15
PROD0390,Enhanced methodical model,Home & Garden,407.77,231.17
PROD0391,Streamlined leadingedge focus group,Books,478.75,272.17
PROD0392,Enterprise-wide optimal Internet solution,Electronics,211.3,139.9
PROD0393,Sharable mobile array,Sports,435.37,268.33
PROD0394,Phased grid-enabled installation,Home & Garden,304.2,153.77
PROD0395,Managed fresh-thinking secured line,Books,258.63,115.46
PROD0396,Customer-focused cohesive groupware,Sports,119.88,51.84
PROD0397,Open-source system-worthy methodology,Books,190.1,119.53
PROD0398,Horizontal stable initiative,Books,120.82,63.88
PROD0399,Virtual neutral alliance,Books,487.53,314.71
PROD0400,Persevering background functionalities,Books,340.74,193.21
PROD0401,Function-based fresh-thinking budgetary management,Books,465.25,301.87
PROD0402,Visionary impactful migration,Home & Garden,24.19,11.66
PROD0403,Adaptive stable moratorium,Home & Garden,461.55,233.22
PROD0404,Persistent incremental application,Clothing,436.23,248.61
PROD0405,Ergonomic multi-state hierarchy,Sports,44.1,27.44
PROD0406,Secured web-enabled methodology,Electronics,54.96,30.73
PROD0407,Self-enabling leadingedge task-force,Sports,215.72,108.35
PROD0408,Business-focused demand-driven flexibility,Home & Garden,162.7,80.91
PROD0409,Reactive clear-thinking forecast,Books,302.15,200.93
PROD0410,Organic tangible matrix,Clothing,87.13,51.0
PROD0411,Decentralized 4thgeneration product,Electronics,143.33,85.79
PROD0412,Robust disintermediate strategy,Sports,307.47,161.19
PROD0413,Diverse fault-tolerant neural-net,Clothing,379.92,164.94
PROD0414,Advanced neutral installation,Sports,64.34,38.83
PROD0415,Cross-group directional budgetary management,Books,248.45,149.1
PROD0416,Persistent bottom-line project,Electronics,118.05,82.08
PROD0417,Distributed modular structure,Electronics,13.77,6.75
PROD0418,Implemented multimedia strategy,Clothing,386.0,242.89
PROD0419,Future-proofed intangible matrices,Home & Garden,170.78,68.71
PROD0420,Phased dynamic knowledgebase,Sports,96.09,49.4
PROD0421,Reactive client-server info-mediaries,Clothing,255.13,165.84
PROD0422,Ergonomic radical migration,Home & Garden,45.32,29.84
PROD0423,User-friendly client-driven architecture,Electronics,223.75,120.36
PROD0424,Grass-roots zero administration utilization,Electronics,432.43,247.66
PROD0425,Operative global toolset,Books,208.17,123.25
PROD0426,Profit-focused encompassing ability,Home & Garden,66.43,26.99
PROD0427,Horizontal uniform framework,Home & Garden,94.22,64.47
PROD0428,Reverse-engineered optimal protocol,Sports,417.69,282.33
PROD0429,Pre-emptive coherent knowledge user,Electronics,223.99,96.71
PROD0430,Public-key mission-critical hardware,Sports,298.55,166.35
PROD0431,Managed neutral task-force,Sports,436.56,272.3
PROD0432,Quality-focused homogeneous knowledgebase,Clothing,173.2,78.02
PROD0433,Inverse content-based standardization,Books,320.28,179.09
PROD0434,Front-line object-oriented info-mediaries,Clothing,453.9,229.13
PROD0435,Focused zero-defect installation,Clothing,125.77,55.83
PROD0436,Balanced foreground synergy,Clothing,95.01,42.36
PROD0437,Phased tertiary workforce,Electronics,96.8,61.16
PROD0438,Multi-tiered human-resource protocol,Sports,237.34,135.08
PROD0439,Streamlined coherent methodology,Books,229.96,155.74
PROD0440,Automated clear-thinking middleware,Books,325.07,226.24
PROD0441,Reverse-engineered full-range attitude,Home & Garden,433.48,254.96
PROD0442,Organic bandwidth-monitored moderator,Clothing,225.48,121.91
PROD0443,Persevering 24/7 success,Home & Garden,400.2,231.09
PROD0444,Digitized incremental projection,Home & Garden,258.6,127.52
PROD0445,Distributed asynchronous leverage,Sports,28.43,14.52
PROD0446,Fundamental global process improvement,Home & Garden,47.6,31.38
PROD0447,Team-oriented hybrid projection,Electronics,311.35,171.9
PROD0448,Configurable full-range service-desk,Sports,294.36,202.01
PROD0449,Public-key homogeneous functionalities,Electronics,230.37,148.12
PROD0450,Self-enabling transitional task-force,Clothing,167.55,90.93
PROD0451,Pre-emptive needs-based alliance,Clothing,479.28,256.49
PROD0452,Secured asymmetric encoding,Home & Garden,491.37,208.98
PROD0453,Self-enabling systemic forecast,Clothing,29.18,17.87
PROD0454,Focused value-added array,Sports,266.79,155.52
PROD0455,Optional bandwidth-monitored task-force,Home & Garden,192.7,93.43
PROD0456,Sharable tertiary attitude,Sports,389.49,235.12
PROD0457,Organic composite solution,Electronics,396.72,235.73
PROD0458,Innovative 4thgeneration analyzer,Electronics,171.55,97.34
PROD0459,Inverse analyzing frame,Sports,149.23,92.09
PROD0460,Multi-channeled holistic Internet solution,Books,437.91,218.96
PROD0461,Digitized dynamic moderator,Books,335.17,226.25
PROD0462,Open-source non-volatile software,Home & Garden,484.17,295.12
PROD0463,Enterprise-wide composite conglomeration,Sports,73.19,44.84
PROD0464,Configurable reciprocal implementation,Electronics,161.7,82.95
PROD0465,Secured systemic encoding,Home & Garden,408.46,245.5
PROD0466,Proactive optimal circuit,Books,55.79,33.54
PROD0467,Focused maximized productivity,Books,187.3,95.29
PROD0468,Function-based logistical extranet,Clothing,476.07,239.23
PROD0469,Synchronized 24/7 website,Sports,104.08,72.86
PROD0470,Persistent executive service-desk,Clothing,47.81,31.24
PROD0471,Quality-focused cohesive archive,Electronics,258.77,145.41
PROD0472,Organic grid-enabled parallelism,Books,28.5,14.28
PROD0473,Innovative scalable interface,Books,74.21,38.07
PROD0474,Team-oriented eco-centric knowledgebase,Clothing,98.61,59.94
PROD0475,Innovative dedicated info-mediaries,Books,406.43,182.76
PROD0476,Polarized bi-directional encoding,Sports,31.41,16.0
PROD0477,Multi-tiered object-oriented help-desk,Clothing,485.1,282.9
PROD0478,Re-engineered explicit standardization,Sports,124.66,58.81
PROD0479,Implemented 3rdgeneration protocol,Sports,452.95,207.54
PROD0480,Object-based even-keeled access,Books,492.38,265.15
PROD0481,Re-contextualized systemic time-frame,Home & Garden,391.28,215.55
PROD0482,User-friendly actuating portal,Sports,483.47,311.87
PROD0483,User-friendly modular forecast,Books,77.82,36.96
PROD0484,Vision-oriented discrete portal,Sports,438.32,248.25
PROD0485,Multi-channeled directional productivity,Electronics,358.59,198.94
PROD0486,Ergonomic regional extranet,Electronics,149.68,94.14
PROD0487,Synergistic web-enabled success,Home & Garden,230.17,127.52
PROD0488,Visionary stable software,Sports,54.94,36.98
PROD0489,Devolved responsive attitude,Sports,443.47,301.18
PROD0490,Self-enabling secondary analyzer,Sports,36.1,19.88
PROD0491,Integrated zero tolerance intranet,Clothing,199.22,84.57
PROD0492,Automated optimal hierarchy,Clothing,23.81,16.17
PROD0493,Upgradable clear-thinking array,Home & Garden,397.78,175.53
PROD0494,Implemented fresh-thinking synergy,Home & Garden,459.52,248.94
PROD0495,Operative context-sensitive customer loyalty,Clothing,381.83,206.47
PROD0496,De-engineered zero tolerance moratorium,Books,12.57,5.33
PROD0497,Multi-lateral multi-tasking middleware,Home & Garden,115.67,51.46
PROD0498,Future-proofed composite extranet,Books,268.61,116.4
PROD0499,Polarized explicit synergy,Home & Garden,126.44,55.2
PROD0500,Mandatory bifurcated Local Area Network,Clothing,215.71,137.66
